"question_id","category_id","question_content"
1,"1","số lượng tín chỉ luận văn"
2,"1","số lượng tín chỉ luận văn tốt nghiệp"
3,"1","số tín chỉ của luận văn"
4,"1","số tín chỉ của luận văn tốt nghiệp"
5,"1","tín chỉ luận văn"
6,"1","tín chỉ luận văn tốt nghiệp"
7,"1","luận văn tương đương báo nhiêu tín chỉ"
8,"1","luận văn tốt nghiệp tương đương báo nhiêu tín chỉ"
9,"1","luận văn bằng bao nhiêu tín chỉ"
10,"1","luận văn tốt nghiệp bằng bao nhiêu tín chỉ"
11,"2","sau khi hoàn thành luận văn phải làm gì"
12,"2","sau khi hoàn thành luận văn tốt nghiệp phải làm gì"
13,"2","thành viên hội đồng bảo vệ"
14,"2","thành viên hội đồng bảo vệ luận văn"
15,"2","thành viên hội đồng bảo vệ luận văn tốt nghiệp"
16,"2","hội đồng bảo vệ gồm những ai"
17,"2","hội đồng bảo vệ luận văn gồm những ai"
18,"2","hội đồng bảo vệ luận văn tốt nghiệp gồm những ai"
19,"2","hội đồng bảo vệ luận văn tốt nghiệp"
20,"2","hội đồng bảo vệ"
21,"2","bảo vệ luận án"
22,"2","bảo vệ luận văn tốt nghiệp"
23,"3","điểm luận văn"
24,"3","điểm luận văn tốt nghiệp"
25,"3","cách tính điểm luận văn"
26,"3","cách tính điểm luận văn tốt nghiệp"
27,"3","tính điểm luận văn thế nào"
28,"3","tính điểm luận văn tốt nghiệp như thế nào"
29,"3","tính điểm luận văn"
30,"3","tính điểm luận văn tốt nghiệp"
31,"3","làm thế nào để tính điểm luận văn"
32,"3","làm thế nào để tính điểm luận văn tốt nghiệp"
33,"4","số lượng tín chỉ tiểu luận"
34,"4","số lượng tín chỉ tiểu luận tốt nghiệp"
35,"4","số tín chỉ của tiểu luận"
36,"4","số tín chỉ của tiểu luận tốt nghiệp"
37,"4","tín chỉ tiểu luận"
38,"4","tín chỉ tiểu luận tốt nghiệp"
39,"4","tiểu luận tương đương bao nhiêu tín chỉ"
40,"4","tiểu luận tốt nghiệp tương đương bao nhiêu tín chỉ"
41,"4","tiểu luận bằng bao nhiêu tín chỉ"
42,"4","tiểu luận tốt nghiệp bằng bao nhiêu tín chỉ"
43,"5","ai chấm điểm tiểu luận"
44,"5","ai chấm điểm tiểu luận tốt nghiệp"
45,"5","tiểu luận do ai chấm điểm"
46,"5","tiểu luận tốt nghiệp do ai chấm điểm"
47,"5","chấm điểm tiểu luận"
48,"5","chấm điểm tiểu luận tốt nghiệp"
49,"5","tiểu luận có cần phải bảo vệ trước hội đồng không"
50,"5","tiểu luận tốt nghiệp có cần phải bảo vệ trước hội đồng không"
51,"5","có phải bảo vệ tiểu luận trước hội đồng không"
52,"5","có cần phải bảo vệ tiểu luận tốt nghiệp trươc hội đồng không"
53,"6","sinh viên có thể không làm luận văn không"
54,"6","sinh viên có thể không làm luận văn tốt nghiệp không"
55,"6","có thể không làm luận văn không"
56,"6","có thể không làm luận văn tốt nghiệp không"
57,"6","sinh viên có thể không làm tiểu luận không"
58,"6","sinh viên có thể không làm tiểu luận tốt nghiệp không"
59,"6","có thể không làm tiểu luận không"
60,"6","có thể không làm tiểu luận tốt nghiệp không"
61,"6","cần làm gì để tích lũy tính chỉ nếu không làm luận văn"
62,"6","cần làm gì để tích lũy tính chỉ tốt nghiệp nếu không làm luận văn tốt nghiệp"
63,"6","cần làm gì để tích lũy tính chỉ nếu không làm tiểu luận"
64,"6","cần làm gì để tích lũy tính chỉ tốt nghiệp nếu không làm tiểu luận tốt nghiệp"
65,"7","làm sao để nhận đề tài luận văn"
66,"7","làm sao để nhận đề tài luận văn tốt nghiệp"
67,"7","làm sao để nhận đề tài tiểu luận"
68,"7","làm sao để nhận đề tài tiểu luận tốt nghiệp"
69,"7","cách nhận đề tài luận văn"
70,"7","cách nhận đề tài luận văn tốt nghiệp"
71,"7","cách nhận đề tài tiểu luận"
72,"7","cách nhận đề tài liệu luận tốt nghiệp"
73,"7","làm thế nào để nhận đề tài luận văn"
74,"7","làm thế nào để nhận đề tài luận văn tốt nghiệp"
75,"7","làm thế nào để nhận đề tài tiểu luận"
76,"7","làm thê nào để nhận đề tài tiểu luận tốt nghiệp"
77,"7","nhận đề tài luận văn như thế nào"
78,"7","nhận đề tài luận văn tốt nghiệp như thế nào"
79,"7","nhận đề tài tiểu luận như thế nào"
80,"7","nhận đề tài tiểu luận tooss nghiệp như thế nào"
81,"8","làm luận văn có cần phải đăng ký học phần không"
82,"8","làm luận văn tốt nghiệp có cần phải đăng ký học phần không"
83,"8","làm tiểu luận có cần phải đăng ký học phần không"
84,"8","làm tiểu luận tốt nghiệp có cần phải đăng kí học phần không"
85,"8","có cần phải đăng ký học phần để làm luận văn không"
86,"8","có cần phải đăng ký học phần để làm luận văn tốt nghiệp không"
87,"8","có cần phải đăng ký học phần để làm tiểu luận không"
88,"8","có cần phải đăng ký học phần để làm tiểu luận tốt nghiệp không"
89,"8","có bắt buộc đăng ký học phần để làm luận văn không"
90,"8","có bắt buộc đăng ký học phần để làm luận văn tốt nghiệp không"
91,"8","có bắt buộc đăng ký học phần để làm tiểu luận không"
92,"8","có bắt buộc đăng ký học phần để làm tiểu luận tốt nghiệp không"
93,"9","nhận điểm kém của luận văn thì phải làm sao"
94,"9","nhận điểm kém của luận văn tốt nghiệp thì phải làm sao"
95,"9","nhận điểm kém của tiểu luận tốt nghiệp thì phải làm sao"
96,"9","nhận điểm kém của tiểu luận tốt nghiệp phải làm sao"
97,"9","có thể đăng ký làm lại luận văn không"
98,"9","có thể đăng ký làm lại luận văn tốt nghiệp không"
99,"9","có thể đăng ký làm lại tiểu luận không"
100,"9","có thể đăng ký làm lại tiểu luận tốt nghiệp không"
101,"9","có thể đăng ký các học phần thay thế khi bị điềm F luận văn tốt nghiệp không"
102,"9","có thể đăng ký các học phần thay thế nếu bị điềm F luận văn tốt nghiệp không"
103,"9","có thể đăng ký các học phần thay thế khi bị điềm F tiểu luận không"
104,"9","có thể đăng ký các học phần thay thế khi bị điềm F tiểu luận tốt nghiệp không"
105,"9","bị điểm F luận văn phải làm sao"
106,"9","bị điểm F luận văn tốt nghiệp phải làm sao"
107,"9","bị điểm F tiểu luận phải làm sao"
108,"9","bị điểm F tiểu luận tốt nghiệp phải làm sao"
109,"10","điều kiện công nhận tốt nghiệp"
110,"10","những điều kiện công nhận tốt nghiệp"
111,"10","điều kiện xét tốt nghiệp"
112,"10","tốt nghiệp cần những gì"
113,"10","tốt nghiệp cần điều kiện gì"
114,"10","điều kiện để tốt nghiệp"
115,"10","điều kiện để xét tốt nghiệp"
116,"10","xét tốt nghiệp cần những điều kiện gì"
117,"10","điểm trung bình tích lũy bao nhiêu để được xét tốt nghiệp"
118,"10","điểm trung bình tích lũy cần bao nhiêu để tích lũy"
119,"10","mức điểm trung bình tích lũy để xét tốt nghiệp"
120,"10","mức điểm giáo dục quốc phòng an ninh để xét tốt nghiệp"
121,"10","điểm giáo dục quốc phòng an ninh để xét tốt nghiệp"
122,"11","thời gian xét tốt nghiệp"
123,"11","xét tốt nghiệp vào thời gian nào"
124,"11","những tháng xét tốt nghiệp"
125,"11","nhận bằng tốt nghiệp"
126,"11","thời gian nhận bằng tốt nghiệp"
127,"11","lễ trao bằng tốt nghiệp diễn ra vào thời gian nào"
128,"11","thời gian diễn ra lễ trao bằng tốt nghiệp"
129,"11","lễ trao bằng tốt nghiệp"
130,"11","bằng tốt nghiệp"
131,"12","đăng ký xét tốt nghiệp"
132,"12","đăng ký xét tốt nghiệp như thế nào"
133,"12","làm thế nào để đăng ký xét tốt nghiệp"
134,"12","cách đăng ký xét tốt nghiệp"
135,"12","làm sao để đăng ký xét tốt nghiệp"
136,"12","làm thế nào để đăng ký xét tốt nghiệp"
137,"13","hội đồng xét tốt nghiệp"
138,"13","ai chịu trách nhiệm xét tốt nghiệp"
139,"13","ai là người xét tốt nghiệp"
140,"13","những người chịu trách nhiệm xét tốt nghiệp"
141,"13","xét tốt nghiệp là trách nhiệm của ai"
142,"13","xét tốt nghiệp là nhiệm vụ của ai"
143,"13","ai công nhận sinh viên đủ điều kiện tốt nghiệp"
144,"13","trách nhiệm công nhận sinh viên đủ điều kiện tốt nghiệp là của ai"
145,"13","nhiệm vụ công nhận sinh viên đủ điều kiện tốt nghiệp là của ai"
146,"13","ai là người quyết định công nhận tốt nghiệp"
147,"13","quyết định công nhận tốt nghiệp thuộc về ai"
148,"14","ai thẩm định điều kiện tốt nghiệp của sinh viên"
149,"14","thẩm định điều kiện tốt nghiệp"
150,"14","thẩm định điều kiện tốt nghiệp là công việc của ai"
151,"14","thẩm định điều kiện tốt nghiệp là trách nhiệm của ai"
152,"14","ai ký quyết định công nhận tốt nghiệp"
153,"14","quyết định công nhận tốt nghiệp"
154,"15","có cần nộp phí để nhận bản sao bằng tốt nghiệp không"
155,"15","bản sao bằng tốt nghiệp"
156,"15","đủ điều kiện tốt nghiệp"
157,"15","đáp ứng điều kiện tốt nghiệp"
158,"15","nhận quyết định công nhận tốt nghiệp"
159,"16","cách đánh giá học phần như thế nào"
160,"16","đánh giá điểm học phần như thế nào"
161,"16","cho biết cách đánh giá học phần"
162,"16","đánh giá học phần như thế nào"
163,"16","đánh giá học phần của sinh viên như thế nào"
164,"16","học phần của sinh viên được đánh giá như thế nào"
165,"16","điểm học bao gồm các thành phần nào"
166,"16","điểm học phần được đánh giá như thế nào"
167,"17","điểm học phần thực hành được đánh giá như thế nào"
168,"17","cách tính điểm học phần thực hành"
169,"17","cho biết cách đánh giá điểm của học phần thực hành"
170,"17","học phần thực hành của sinh viên được đánh giá như thế nào"
171,"17","đánh giá điểm học phần của sinh viên"
172,"17","cách đánh giá điểm học phần thực hành của sinh viên"
173,"17","điểm học phần thực hành tính như thế nào"
174,"18","điểm học phần được đánh giá theo thang điểm nào"
175,"18","điểm học phần được làm tròn theo thang điểm bao nhiêu"
176,"18","đánh giá điểm học phần theo thang điểm mấy"
177,"18","đánh giá điểm học phần theo thang điểm bao nhiêu"
178,"19","để đạt được điểm A thì sinh viên phải đạt được điểm bao nhiêu"
179,"19","điểm A là điểm gì"
180,"19","cần đạt bao nhiêu điểm để đạt được điểm A"
181,"19","bao nhiêu điểm sẽ đạt được điểm A"
182,"19","điểm A nằm ở mức nào"
183,"19","để đạt được điểm A sinh viên phải nhận được điểm đánh giá học phần là bao nhiêu"
184,"19","đạt điểm A như thế nào"
185,"20","để đạt được điểm B+ thì sinh viên phải đạt được điểm bao nhiêu"
186,"20","điểm B+ là điểm gì"
187,"20","cần đạt bao nhiêu điểm để đạt được điểm B+"
188,"20","bao nhiêu điểm sẽ đạt được điểm B+"
189,"20","điểm B+ nằm ở mức nào"
190,"20","để đạt được điểm B+ sinh viên phải nhận được điểm đánh giá học phần là bao nhiêu"
191,"20","đạt điểm B+ như thế nào"
192,"21","để đạt được điểm B thì sinh viên phải đạt được điểm bao nhiêu"
193,"21","điểm B là điểm gì"
194,"21","cần đạt bao nhiêu điểm để đạt được điểm B"
195,"21","bao nhiêu điểm sẽ đạt được điểm B"
196,"21","điểm B nằm ở mức nào"
197,"21","để đạt được điểm B sinh viên phải nhận được điểm đánh giá học phần là bao nhiêu"
198,"21","đạt điểm B như thế nào"
199,"22","đạt điểm bao nhiêu sẽ nhận điểm C+"
200,"22","sinh viên đạt điểm bao nhiêu sẽ nhận điểm C+"
201,"22","đạt điểm C+ như thế nào"
202,"22","điểm C+ ở mức nào"
203,"22","điểm C+ nằm ở mức bao nhiêu"
204,"22","điểm C+ nằm ở thang điểm bao nhiêu"
205,"22","C+ ở mức điểm mấy"
206,"22","mức điểm của C+"
207,"22","mức điểm của điểm C+"
208,"22","nhận điểm C+ như thế nào"
209,"22","điểm số bao nhiêu sẽ nhận điểm C+"
210,"22","điểm số bao nhiêu sẽ bị nhân điểm C+"
211,"22","điểm bao nhiêu thì ăn con C+"
212,"22","điểm C+ là bao nhiêu"
213,"22","C+ bao nhiêu điểm"
214,"23","đạt điểm bao nhiêu sẽ nhận điểm C"
215,"23","sinh viên đạt điểm bao nhiêu sẽ nhận điểm C"
216,"23","đạt điểm C như thế nào"
217,"23","điểm C ở mức nào"
218,"23","điểm C nằm ở mức bao nhiêu"
219,"23","điểm C nằm ở thang điểm bao nhiêu"
220,"23","C ở mức điểm mấy"
221,"23","mức điểm của C"
222,"23","mức điểm của điểm C"
223,"23","nhận điểm C như thế nào"
224,"23","điểm số bao nhiêu sẽ nhận điểm C"
225,"23","điểm số bao nhiêu sẽ bị nhận điểm C"
226,"23","điểm bao nhiêu thì ăn con C"
227,"23","điểm C là bao nhiêu"
228,"23","C bao nhiêu điểm"
229,"24","điểm bao nhiêu sẽ nhận điểm D+"
230,"24","sinh viên đạt điểm bao nhiêu sẽ nhận điểm D+"
231,"24","bị điểm D+ như thế nào"
232,"24","điểm D+ ở mức nào"
233,"24","điểm D+ nằm ở mức bao nhiêu"
234,"24","điểm D+ nằm ở thang điểm bao nhiêu"
235,"24","D+ ở mức điểm mấy"
236,"24","mức điểm của D+"
237,"24","mức điểm của điểm D+"
238,"24","nhận điểm D+ như thế nào"
239,"24","điểm số bao nhiêu sẽ nhận điểm D+"
240,"24","điểm số bao nhiêu sẽ bị nhận D+"
241,"24","điểm bao nhiêu thì ăn con D+"
242,"24","điểm D+ là bao nhiêu"
243,"24","D+ là bao nhiêu điểm"
244,"25","điểm bao nhiêu sẽ bị nhận điểm D"
245,"25","sinh viên đạt điểm bao nhiêu sẽ nhận điểm D"
246,"25","bị điểm D như thế nào"
247,"25","điểm D ở mức nào"
248,"25","điểm D nằm ở mức bao nhiêu"
249,"25","điểm D nằm ở thang điểm bao nhiêu"
250,"25","D ở mức điểm mấy"
251,"25","mức điểm của D"
252,"25","mức điểm của điểm D"
253,"25","nhận điểm D như thế nào"
254,"25","điểm số bao nhiêu sẽ nhận điểm D"
255,"25","điểm số bao nhiêu sẽ bị nhận điểm D"
256,"25","điểm bao nhiêu thì ăn con D"
257,"25","điểm D là bao nhiêu"
258,"25","D là bao nhiêu điểm"
259,"26","điểm bao nhiêu sẽ bị nhận điểm F"
260,"26","sinh viên đạt điểm bao nhiêu sẽ nhận điểm F"
261,"26","bị điểm F như thế nào"
262,"26","điểm F ở mức nào"
263,"26","điểm F nằm ở mức bao nhiêu"
264,"26","điểm F nằm ở thang điểm bao nhiêu"
265,"26","F ở mức điểm máy"
266,"26","mức điểm của F"
267,"26","mức điểm của điểm F"
268,"26","nhận điểm F như thế nào"
269,"26","điểm số bao nhiêu sẽ nhận điểm F"
270,"26","điểm số bao nhiêu sẽ nhận F"
271,"26","điểm bao nhiêu thì ăn con F"
272,"26","điểm F là bao nhiêu"
273,"26","F là bao nhiêu điểm"
274,"27","học phần nào sẽ được tính tích lũy"
275,"27","những học phần được tính tích lũy"
276,"27","học phần nào được tích lũy"
277,"27","học phần được tích lũy"
278,"27","sinh viên phải đạt điểm bao nhiêu mới được tích lũy"
279,"27","sinh viên đạt điểm bao nhiêu mới được tích lũy"
280,"27","điểm nào mới được tích lũy"
281,"27","điêm bao nhiêu mới được tính tích lũy"
282,"27","điểm nào thì được tính tích lũy"
283,"27","điêm bao nhiêu thì được tính tích lũy"
284,"27","bao nhiêu điểm thì được tính tích lũy"
285,"27","bao nhiêu điểm thì được tích lũy"
286,"27","điểm số bao nhiêu thì tính tích lũy"
287,"27","điểm số bao nhiêu thì tích lũy"
288,"28","ngoài loại điểm A, B, C, D, F thì còn điểm nào nữa"
289,"28","các loại điểm khác"
290,"28","các loại điểm đặt biệt"
291,"28","các loại điểm học phần khác"
292,"29","điểm M là điểm gì"
293,"29","thế nào là điểm M"
294,"29","điểm M là điểm như thế nào"
295,"29","điểm M được tính như thế nào"
296,"29","điểm M được tích lũy như thế nào"
297,"29","đạt điểm M như thế nào"
298,"29","sinh viên đạt điểm M như thế nào"
299,"29","làm sao để có điểm M"
300,"29","điểm M là loại điểm gì"
301,"29","đánh giá điểm M như thế nào"
302,"30","điểm I là điểm gì"
303,"30","thế nào là điểm I"
304,"30","điểm I là điểm như thế nào"
305,"30","điểm I được tính như thế nào"
306,"30","điểm I được tích lũy như thế nào"
307,"30","đạt điểm I như thế nào"
308,"30","sinh viên đạt điểm I như thế nào"
309,"30","làm sao để có điểm I"
310,"30","điểm I là loại điểm gì"
311,"30","đánh giá điểm I như thế nào"
312,"31","điểm W là điểm gì"
313,"31","thế nào là điểm W"
314,"31","điểm W là điểm như thế nào"
315,"31","điểm W được tính như thế nào"
316,"31","điểm W được tích lũy như thế nào"
317,"31","đạt điểm W như thế nào"
318,"31","sinh viên đạt điểm W như thế nào"
319,"31","làm sao để có điểm W"
320,"31","điểm W là loại điểm gì"
321,"31","đánh giá điểm W như thế nào"
322,"32","sinh viên được thi bao nhiêu lần"
323,"32","số lần thi kết thúc học phần"
324,"32","sinh viên được thi bao nhiêu lần kết thúc học phần"
325,"32","sinh viên trải qua bao nhiêu lần thì kết thúc học phần"
326,"32","thi kết thúc học phần bao nhiêu lần"
327,"32","tổng số lần thi kết thúc học phần"
328,"32","được thi kết thúc học phần bao nhiêu lần"
329,"33","thời gian thi kết thúc học phần diễn ra khi nào"
330,"33","khi nào thì thi kết thúc học phần"
331,"33","thời gian diễn ra kỳ thi kết thúc học phần"
332,"33","sinh viên thi học kỳ khi nào"
333,"33","khi nào thì sinh viên thi học kỳ"
334,"33","thời gian thi học kỳ của sinh viên"
335,"33","thời gian thi kết thúc học kỳ"
336,"33","thi kết thúc học phần khi nào"
337,"33","khi nào thì kết thúc học phần"
338,"34","sinh viên có được phép vắng trong kỳ thi học phần hay không"
339,"34","vắng trong kỳ thi học phần"
340,"34","vắng mặt trong khi thi học phần"
341,"34","nếu sinh viên vắng trong kỳ thi học phần"
342,"34","sinh viên vắng mặt trong thi kết thúc học phần"
343,"34","vắng thi có lý do chính đáng"
344,"35","số tín chỉ tích lũy là gì"
345,"35","số tín chỉ tích lũy"
346,"35","thế nào là số tín chỉ tích lũy"
347,"35","tín chỉ tích lũy là gì"
348,"35","tín chỉ tích lũy"
349,"36","điểm trung bình học kỳ"
350,"36","điểm trung bình học kỳ là gì"
351,"36","giới thiệu về điểm trung bình học kỳ"
352,"37","điểm trung bình chung năm học"
353,"37","điểm trung bình chung năm học là gì"
354,"37","giới thiệu về điểm trung bình chung năm học"
355,"38","điểm trung bình chung tích lũy"
356,"38","điểm trung bình chung tích lũy là gì"
357,"38","giới thiệu về điểm trung bình chung năm học"
358,"39","xếp loại học tập như thế nào"
359,"39","xếp loại học tập được đánh giá như thế nào"
360,"39","loại học tập được xếp như thế nào"
361,"39","loại học tập được đánh giá như thế nào"
362,"39","đánh giá xếp loại học tập như thế nào"
363,"40","có bao nhiêu loại kết quả học tập"
364,"40","xếp loại học tập"
365,"41","điểm rèn luyện đánh giá như thế nào"
366,"41","cách đánh giá điểm rèn luyện của sinh viên"
367,"41","đánh giá điểm rèn luyện như thế nào"
368,"41","cách đánh giá điểm rèn luyện của sinh viên"
369,"41","điểm rèn luyện"
370,"42","loại khá điểm rèn luyện"
371,"42","điểm rèn luyện loại khá"
372,"43","loại trung bình điểm rèn luyện"
373,"43","điểm rèn luyện loại trung bình"
374,"44","loại kém điểm rèn luyện"
375,"44","điểm rèn luyện loại kém"
376,"45","điểm rèn luyện yếu kém 2 học kỳ liên tiếp"
377,"45","nếu sinh viên bị điểm rèn luyện yếu kém 2 học kỳ liên tiếp"
378,"45","nếu điểm rèn luyện yếu kém 2 học kỳ liên tiếp"
379,"45","điểm rèn luyện yếu kém liên tiếp"
380,"46","điểm rèn luyện dùng để làm gì"
381,"46","sử dụng điểm rèn luyện như thế nào"
382,"46","sử dụng điểm rèn luyện để làm gì"
383,"46","điểm rèn luyện được dùng để làm gì"
384,"46","dùng điểm rèn luyện như thế nào"
385,"47","quy định về xếp loại"
386,"47","cho thông tin về quy định xếp loại"
387,"48","quy định dự thi của sinh viên"
388,"48","có những quy định nào về kỳ thi"
389,"48","quy định của kỳ thi"
390,"49","trường hợp bài thi không hợp lệ"
391,"49","bài thi không hợp lệ"
392,"49","bài thi không hợp lệ và không được chấm điểm"
393,"49","bài thi bị hủy"
394,"49","bài thi không được chấm điểm"
395,"49","không hợp lệ hóa bài thị"
396,"50","các hình thức xử lý vi phạm qui định về thi và kiểm tra"
397,"50","hình thức xử lý sinh viên vi phạm thi kiểm tra"
398,"50","sinh viên bị xử lý như thế nào nếu vi phạm quy định trong thi kiểm tra"
399,"50","xử lý vi phạm trong thi kiểm tra"
400,"50","sinh viên sẽ bị xử lý như thế nào nếu vi phạm quy định trong kiểm tra"
401,"51","vi phạm như thế nào bị khiển trách trong kỳ thi kiểm tra"
402,"51","sinh viên bị xử lý khiển trách trong kỳ thi kiểm tra nếu phạm lỗi gì"
403,"51","sinh viên phạm lỗi gì thì bị khiển trách trong thi kiểm tra"
404,"51","vi phạm lỗi gì bị khiển trách"
405,"51","vi phạm lỗi gì bị khiển trách trong lúc kiểm tra thi"
406,"51","lỗi bị khiển trách trong lúc kiểm tra"
407,"52","vi phạm như thế nào bị cảnh cáo trong kỳ thi kiểm tra"
408,"52","sinh viên bị xử lý cảnh cáo trong kỳ thi kiểm tra nếu phạm lỗi gì"
409,"52","sinh viên phạm lỗi gì thì bị cảnh cáo trong thi kiểm tra"
410,"52","vi phạm lỗi gì bị cảnh cáo"
411,"52","vi phạm lỗi gì bị cảnh cáo trong lúc kiểm tra thi"
412,"52","lỗi bị cảnh cáo trong lúc kiểm tra"
413,"53","vi phạm như thế nào bị đình chỉ trong kỳ thi kiểm tra"
414,"53","sinh viên bị xử lý đình chỉ trong kỳ thi kiểm tra nếu phạm lỗi gì"
415,"53","sinh viên phạm lỗi gì thì bị đình chỉ trong thi kiểm tra"
416,"53","vi phạm lỗi gì bị đình chỉ"
417,"53","vi phạm lỗi gì bị đình chỉ trong lúc kiểm tra thi"
418,"53","lỗi bị đình chỉ trong lúc kiểm tra"
419,"54","xử lý thi hộ"
420,"54","xử lý đối với người thi hộ"
421,"54","xử lý đối với trường hợp thi hộ"
422,"54","cách xử lý trường hợp thi hộ"
423,"54","trường hợp thi hộ"
424,"54","vi phạm thi hộ"
425,"54","rắc rối nếu thi hộ"
426,"54","thi hộ"
427,"I.1.1","phạm vi điều chỉnh của quy định về công tác học vụ"
428,"I.1.1","phạm vi điều chỉnh"
429,"I.1.1","phạm vi điều chỉnh quy định công tác học vụ"
430,"I.1.1","phạm vi của quy định công tác học vụ"
431,"I.1.1","phạm vi quy định công tác học vụ"
432,"I.1.1","phạm vi quy định nội quy trường"
433,"I.1.1","công tác học vụ quy định về những gì"
434,"I.1.1","công tác học vụ quy định gì"
435,"I.1.1","quy định về công tác học vụ bao gồm những gì"
436,"I.1.1","quy định công tác học vụ bao gồm những gì"
437,"I.1.1","công tác học vụ bao gồm những gì"
438,"I.1.2","quy định về công tác học vụ dành cho những đối tượng nào"
439,"I.1.2","quy định về công tác học vụ dành cho đối tượng nào"
440,"I.1.2","quy định công tác học vụ dành cho đối tượng nào"
441,"I.1.2","quy định về công tác học vụ áp dụng cho đối tượng nào"
442,"I.1.2","quy định về công tác học vụ dành cho ai"
443,"I.1.2","quy định về công tác học vụ áp dụng cho ai"
444,"I.1.2","đối tượng áp dụng quy định về công tác học vụ"
445,"I.1.2","đối tượng áp dụng công tác học vụ"
446,"I.1.2","công tác học vụ áp dụng cho đối tượng nào"
447,"I.1.2","công tác học vụ áp dụng cho ai"
448,"I.1.2","công tác học vụ dành cho ai"
449,"I.1.2","công tác học vụ dành cho đối tượng nào"
450,"I.2.1","sinh viên hệ chính quy"
451,"I.2.1","sinh viên hệ chính quy là gì"
452,"I.2.1","sinh viên hệ chính quy của trường đại học cần thơ là gì"
453,"I.2.1","thế nào là sinh viên hệ chính quy"
454,"I.2.1","thế nào là sinh viên hệ chính quy của trường đại học cần thơ"
455,"I.2.1","khi nào trở thành sinh viên hệ chính quy"
456,"I.2.1","khi nào được công nhận là sinh viên hệ chính quy"
457,"I.2.1","điều kiện để trở thành sinh viên chính quy của trường đại học cần thơ"
458,"I.2.1","điều kiện trở thành sinh viên chính quy"
459,"I.2.2","yêu cầu trang phục của sinh viên"
460,"I.2.2","trang phục sinh viên"
461,"I.2.2","đồng phục sinh viên"
462,"I.2.2","yêu cầu đồng phục sinh viên"
463,"I.2.2","quy định về trang phục sinh viên"
464,"I.2.2","quy định trang phục sinh viên"
465,"I.2.2","quy định đồng phục sinh viên"
466,"I.2.2","trang phục sinh viên khi đến lớp"
467,"I.2.2","đồng phục sinh viên khi đến lớp"
468,"I.2.3","quy định đối với sinh viên"
469,"I.2.3","quy định đối với sinh viên đại học cần thơ"
470,"I.2.3","quy định dành cho sinh viên"
471,"I.2.3","quy định dành cho sinh viên đại học cần thơ"
472,"I.2.3","sinh viên cần tuân thủ những quy định nào"
473,"I.2.3","nội quy quy định dành cho sinh viên"
474,"I.2.3","nội quy quy định đối với sinh viên"
475,"I.2.3","những điều sinh viên cần lưu ý khi theo học tại trường"
476,"I.2.3","những điều sinh viên cần lưu ý"
477,"I.2.3","sinh viên cần làm theo những quy định nào"
478,"I.3.1","chương trình đào tạo"
479,"I.3.1","chương trình đào tạo gồm những gì"
480,"I.3.1","chương trình đào tạo có gì"
481,"I.3.1","chương trình đào tạo là gì"
482,"I.3.1","chương trình đào tạo bao gồm những gì"
483,"I.3.1","có gì trong chương trình đào tạo"
484,"I.3.1","thế nào là chương trình đào tạo"
485,"I.3.1","thông tin về chương trình đào tạo"
486,"I.3.1","chương trình đào tạo của mỗi ngành học"
487,"I.3.1","chương trình đào tạo của mỗi ngành gồm những gì"
488,"I.3.1","chương trình đào tạo của mỗi ngành có gì"
489,"I.3.1","có gì trong chương trình đào tạo của mỗi ngành học"
490,"I.3.2","điều kiện sinh viên được xét cấp bằng tốt nghiệp"
491,"I.3.2","khi nào sinh viên được xét cấp bằng tốt nghiệp"
492,"I.3.2","xét cấp bằng tốt nghiệp"
493,"I.3.2","xét cấp bằng tốt nghiệp khi nào"
494,"I.3.2","cần gì để sinh viên được xét cấp bằng tốt nghiệp"
495,"I.3.2","điều kiện để được xét cấp bằng tốt nghiệp"
496,"I.3.2","khi nào được xét cấp bằng tốt nghiệp"
497,"I.3.2","tích lũy đủ các học phần của chương trình đào tạo"
498,"I.3.2","tích lũy đủ các học phần"
499,"I.5.1","thời gian đào tạo"
500,"I.5.1","thế nào là thời gian đào tạo"
501,"I.5.1","thời gian đào tạo là gì"
502,"I.5.1","thời gian đào tạo như thế nào"
503,"I.5.1","thời gian đào tạo các ngành có giống nhau không"
504,"I.5.1","thời gian cho phép để hoàn thành chương trình đào tạo"
505,"I.5.1","thời gian thiết kế cho một chương trình đào tạo"
506,"I.5.1","thời gian hoàn thành chương trình đào tạo"
507,"I.5.1","thời hạn hoàn thành chương trình đào tạo"
508,"I.6.1","mỗi năm có bao nhiêu học kì"
509,"I.6.1","mỗi năm có tối đa bao nhiêu học kì"
510,"I.6.1","có bao nhiêu học kì trong một năm học"
511,"I.6.1","số lượng học kì trong một năm"
512,"I.6.1","tổng lượng học kì trong một năm"
513,"I.6.1","một năm có bao nhiêu học kì"
514,"I.6.1","một năm gồm mấy học kì"
515,"I.6.1","một năm gồm bao nhiêu học kì"
516,"I.6.1","số học kì có trong năm học"
517,"I.6.2","học kì nào là học kì chính"
518,"I.6.2","học kì chính là học kì nào"
519,"I.6.2","học kì chính kéo dài bao lâu"
520,"I.6.2","thời gian học của học kì chính"
521,"I.6.2","học kì một kéo dài bao lâu"
522,"I.6.2","học kì hai kéo dài bao lâu"
523,"I.6.2","thời gian học của học kì một"
524,"I.6.2","thời gian học của học kì hai"
525,"I.6.2","học kì chính học trong bao lâu"
526,"I.6.2","học kì một học trong bao lâu"
527,"I.6.2","học kì hai học trong bao lâu"
528,"I.6.2","học kì chính gồm những gì"
529,"I.6.2","học kì một gồm những gì"
530,"I.6.2","học kì hai gồm những gì"
531,"I.6.2","có gì trong học kì chính"
532,"I.6.2","có gì trong học kì một"
533,"I.6.2","có gì trong học kì hai"
534,"I.6.3","học kỳ phụ là học kỳ nào"
535,"I.6.3","học kỳ nào là học kỳ phụ"
536,"I.6.3","thời gian học của học kỳ phụ"
537,"I.6.3","học kì phụ kéo dài bao lâu"
538,"I.6.3","học kì phụ học trong bao lâu"
539,"I.6.3","thời gian học của học kì ba"
540,"I.6.3","học kì ba học trong bao lâu"
541,"I.6.3","học kì ba kéo dài bao lâu"
542,"I.6.3","học kì phụ gồm những gì"
543,"I.6.3","học kì ba gồm những gì"
544,"I.6.3","có gì trong học kì phụ"
545,"I.6.3","có gì trong học kì ba"
546,"I.6.4","thời gian bắt đầu học kì một"
547,"I.6.4","thời gian bắt đầu học kì hai"
548,"I.6.4","thời gian bắt đầu học kì chính"
549,"I.6.4","khi nào bắt đầu học kì một"
550,"I.6.4","khi nào bắt đầu học kì hai"
551,"I.6.4","khi nào bắt đầu học kì chính"
552,"I.6.4","học kì chính bắt đầu khi nào"
553,"I.6.4","học kì một bắt đầu khi nào"
554,"I.6.4","học kì hai bắt đầu khi nào"
555,"I.6.4","học kì một học trong khoảng thời gian nào"
556,"I.6.4","học kì hai học trong khoảng thời gian nào"
557,"I.6.4","học kì chính học trong khoảng thời gian nào"
558,"I.6.4","khi nào kết thúc học kì một"
559,"I.6.4","khi nào kết thúc học kì hai"
560,"I.6.4","khi nào kết thúc học kì chính"
561,"I.6.4","học kì một kết thúc khi nào"
562,"I.6.4","học kì hai kết thúc khi nào"
563,"I.6.4","học kì chính kết thúc khi nào"
564,"I.6.4","thời gian kết thúc học kì một"
565,"I.6.4","thời gian kết thúc học kì hai"
566,"I.6.4","thời gian kết thúc học kì chính"
567,"I.6.5","thời gian bắt đầu học kì phụ"
568,"I.6.5","thời gian bắt đầu học kì ba"
569,"I.6.5","khi nào bắt đầu học kì phụ"
570,"I.6.5","khi nào bắt đầu học kì ba"
571,"I.6.5","học kì phụ bắt đầu khi nào"
572,"I.6.5","học kì ba bắt đầu khi nào"
573,"I.6.5","học kì phụ học trong khoảng thời gian nào"
574,"I.6.5","học kì ba học trong khoảng thời gian nào"
575,"I.6.5","khi nào kết thúc học kì phụ"
576,"I.6.5","khi nào kết thúc học kì ba"
577,"I.6.5","học kì phụ kết thúc khi nào"
578,"I.6.5","học kì ba kết thúc khi nào"
579,"I.6.5","thời gian kết thúc học kì phụ"
580,"I.6.5","thời gian kết thúc học kì ba"
581,"I.7.1","học phần là gì"
582,"I.7.1","học phần"
583,"I.7.1","khái niệm về học phần"
584,"I.7.1","khái niệm học phần"
585,"I.7.1","thế nào là học phần"
586,"I.7.1","định nghĩa học phần"
587,"I.7.1","định nghĩa về học phần"
588,"I.7.1","thông tin học phần"
589,"I.7.1","thông tin về học phần"
590,"I.7.2","học phần bắt buộc là gì"
591,"I.7.2","học phần bắt buộc"
592,"I.7.2","khái niệm về học phần bắt buộc"
593,"I.7.2","khái niệm học phần bắt buộc"
594,"I.7.2","thế nào là học phần bắt buộc"
595,"I.7.2","định nghĩa học phần bắt buộc"
596,"I.7.2","định nghĩa về học phần bắt buộc"
597,"I.7.2","thông tin học phần bắt buộc"
598,"I.7.2","thông tin về học phần bắt buộc"
599,"I.7.3","học phần tự chọn là gì"
600,"I.7.3","học phần tự chọn"
601,"I.7.3","khái niệm về học phần tự chọn"
602,"I.7.3","khái niệm học phần tự chọn"
603,"I.7.3","thế nào là học phần tự chọn"
604,"I.7.3","định nghĩa học phần tự chọn"
605,"I.7.3","định nghĩa về học phần tự chọn"
606,"I.7.3","thông tin học phần tự chọn"
607,"I.7.3","thông tin về học phần tự chọn"
608,"I.7.4","học phần tiên quyết là gì"
609,"I.7.4","học phần tiên quyết"
610,"I.7.4","khái niệm về học phần tiên quyết"
611,"I.7.4","khái niệm học phần tiên quyết"
612,"I.7.4","thế nào là học phần tiên quyết"
613,"I.7.4","định nghĩa học phần tiên quyết"
614,"I.7.4","định nghĩa về học phần tiên quyết"
615,"I.7.4","thông tin học phần tiên quyết"
616,"I.7.4","thông tin về học phần tiên quyết"
617,"I.7.5","học phần điều kiện là gì"
618,"I.7.5","học phần điều kiện"
619,"I.7.5","khái niệm về học phần điều kiện"
620,"I.7.5","khái niệm học phần điều kiện"
621,"I.7.5","thế nào là học phần điều kiện"
622,"I.7.5","định nghĩa học phần điều kiện"
623,"I.7.5","định nghĩa về học phần điều kiện"
624,"I.7.5","thông tin học phần điều kiện"
625,"I.7.5","thông tin về học phần điều kiện"
626,"I.7.6","các học phần điều kiện"
627,"I.7.6","các học phần điều kiện gồm những học phần nào"
628,"I.7.6","học phần nào là học phần điều kiện"
629,"I.7.6","học phần là học phần điều kiện"
630,"I.7.6","học phần điều kiện gồm các môn nào"
631,"I.7.6","học phần được xem là học phần điều kiện"
632,"I.7.6","có các học phần điều kiện nào"
633,"I.7.7","lớp học phần là gì"
634,"I.7.7","lớp học phần"
635,"I.7.7","khái niệm về lớp học phần"
636,"I.7.7","khái niệm lớp học phần"
637,"I.7.7","thế nào là lớp học phần"
638,"I.7.7","định nghĩa lớp học phần"
639,"I.7.7","định nghĩa về lớp học phần"
640,"I.7.7","thông tin lớp học phần"
641,"I.7.7","thông tin về lớp học phần"
642,"I.7.8","lớp chuyên ngành là gì"
643,"I.7.8","lớp chuyên ngành"
644,"I.7.8","khái niệm về lớp chuyên ngành"
645,"I.7.8","khái niệm lớp chuyên ngành"
646,"I.7.8","thế nào là lớp chuyên ngành"
647,"I.7.8","định nghĩa lớp chuyên ngành"
648,"I.7.8","định nghĩa về lớp chuyên ngành"
649,"I.7.8","thông tin lớp chuyên ngành"
650,"I.7.8","thông tin về lớp chuyên ngành"
651,"I.8.1","tín chỉ là gì"
652,"I.8.1","tín chỉ"
653,"I.8.1","khái niệm về tín chỉ"
654,"I.8.1","khái niệm tín chỉ"
655,"I.8.1","thế nào là tín chỉ"
656,"I.8.1","định nghĩa tín chỉ"
657,"I.8.1","định nghĩa về tín chỉ"
658,"I.8.1","thông tin tín chỉ"
659,"I.8.1","thông tin về tín chỉ"
660,"I.8.2","thời lượng tín chỉ"
661,"I.8.2","thời lượng của tín chỉ"
662,"I.8.2","thời lượng của tín chỉ được quy định như thế nào"
663,"I.8.2","quy định về thời lượng của tín chỉ"
664,"I.8.2","một tín chỉ bằng bao nhiêu tiết học"
665,"I.8.2","một tín chỉ quỹ ra bao nhiêu tiết học"
666,"I.8.2","bao nhiêu tiết học bằng một tín chỉ"
667,"I.8.3","một tiết học kéo dài bao lâu"
668,"I.8.3","thời gian của một tiết học"
669,"I.8.3","một tiết học được tính bao lâu"
670,"I.8.3","một tiết học mấy phút"
671,"I.8.3","thời gian học một tiết là bao lâu"
672,"I.8.3","thời gian học một tiết"
673,"I.8.3","một tiết học học trong bao lâu"""
674,"I.8.3","một tiết học trong bao lâu"
675,"I.8.3","học bao lâu thì kết thúc tiết học"
676,"I.8.4","chương trình đào tạo 4 năm học bao nhiêu chỉ"
677,"I.8.4","học 4 năm cần bao nhiêu chỉ"
678,"I.8.4","tổng chỉ chương trình đào tạo 4 năm"
679,"I.8.4","lượng tín chỉ khi học 4 năm"
680,"I.8.4","tín chỉ học 4 năm"
681,"I.8.4","số tín chỉ cần hoàn thành trong khung đào tạo 4 năm"
682,"I.8.4","cần hoàn thành bao nhiêu chỉ nếu học 4 năm"
683,"I.8.4","chương trình đào tạo 4 năm cần bao nhiêu chỉ để tốt nghiệp"
684,"I.8.4","số chỉ cần học theo chương trình đào tạo 4 năm"
685,"I.8.4","tín chỉ học 4 năm"
686,"I.8.4","tổng chỉ khi học 4 năm"
687,"I.8.4","học bao nhiêu chỉ để hoàn thành chương trình 4 năm"
688,"I.8.5","chương trình đào tạo 4.5 năm học bao nhiêu chỉ"
689,"I.8.5","học 4.5 năm cần bao nhiêu chỉ"
690,"I.8.5","tổng chỉ chương trình đào tạo 4.5 năm"
691,"I.8.5","lượng tín chỉ khi học 4.5 năm"
692,"I.8.5","tín chỉ học 4.5 năm"
693,"I.8.5","số tín chỉ cần hoàn thành trong khung đào tạo 4.5 năm"
694,"I.8.5","cần hoàn thành bao nhiêu chỉ nếu học 4.5 năm"
695,"I.8.5","chương trình đào tạo 4.5 năm cần bao nhiêu chỉ để tốt nghiệp"
696,"I.8.5","số chỉ cần học theo chương trình 4.5 năm"
697,"I.8.5","tín chỉ học 4 năm rưỡi"
698,"I.8.5","tổng chỉ khi học 4 năm rưỡi"
699,"I.8.5","học bao nhiêu chỉ để hoàn thành chương trình 4 năm rưỡi"
700,"I.8.6","chương trình đạo tạo 5 năm học bao nhiêu chỉ"
701,"I.8.6","học 5 năm cần bao nhiêu chỉ"
702,"I.8.6","tổng chỉ chương trình đạo tạo 5 năm"
703,"I.8.6","lượng tín chỉ khi học 5 năm"
704,"I.8.6","tín chỉ học 5 năm"
705,"I.8.6","số tín chỉ cần hoàn thành trong khung đào tạo 5 nam"
706,"I.8.6","cần hoàn thành bao nhiêu chỉ nếu học 5 năm"
707,"I.8.6","chương trình đào tạo 5 năm cần bao nhiêu chỉ để tốt nghiệp"
708,"I.8.6","số chỉ cần học theo chương trình 5 năm"
709,"I.8.6","tín chỉ học 5 năm"
710,"I.8.6","tổng chỉ khi học 5 năm"
711,"I.8.6","học bao nhiêu chỉ để hoàn thành chương trình 5 năm"
712,"I.9.1","điều kiện để xét học bổng"
713,"I.9.1","điều kiện xét học bổng"
714,"I.9.1","học bổng"
715,"I.9.1","xét học bổng"
716,"I.9.1","tiêu chí để xét học bổng"
717,"I.9.1","tiêu chuẩn xét học bổng"
718,"I.9.1","yêu cầu xét học bổng"
719,"I.9.1","yêu cầu để xét học bổng"
720,"I.9.1","muốn nhận học bổng cần gì"
721,"I.9.1","nhận học bổng cần gì"
722,"I.9.1","cần gì để nhận học bổng"
723,"I.9.1","nhận học bổng"
724,"I.9.2","tiêu chuẩn cho từng mức học bổng"
725,"I.9.2","tiêu chuẩn mức học bổng"
726,"I.9.2","tiêu chuẩn học bổng"
727,"I.9.2","mức học bổng"
728,"I.9.2","phân loại học bổng"
729,"I.9.2","loại học bổng"
730,"I.9.2","học bông có mấy loại"
731,"I.9.2","học bổng có bao nhiêu loại"
732,"I.9.2","tiêu chuẩn của từng loại học bổng"
733,"I.9.2","tiêu chuẩn từng loại học bổng"
734,"I.9.3","mức học bổng do ai quyết định"
735,"I.9.3","mức học bổng do ai quy định"
736,"I.9.3","ai quy định mức học bổng"
737,"I.9.3","ai quyết định mức học bổng"
738,"I.9.3","mức học bổng được quyết định bởi ai"
739,"I.9.3","mức học bổng được quy định bởi ai"
740,"I.9.4","đối tượng được nhận trợ cấp xã hội"
741,"I.9.4","đối tượng nhận trợ cấp xã hội"
742,"I.9.4","ai được nhận trợ cấp xã hội"
743,"I.9.4","điều kiện nhận trợ cấp xã hội"
744,"I.9.4","điều kiện được nhận trợ cấp xã hội"
745,"I.9.4","nhận trợ cấp xã hội"
746,"I.9.4","nhận trợ cấp"
747,"I.9.4","trợ cấp"
748,"I.9.4","trợ cấp xã hội"
749,"I.9.4","ai dược hưởng trợ cấp xã hội"
750,"I.10.1","học phí"
751,"I.10.1","mức học phí"
752,"I.10.1","mức học phí tính theo cái gì"
753,"I.10.1","cái gì quy ra mức học phí"
754,"I.10.1","mức học phí do ai quy định"
755,"I.10.1","mức học phí do ai quyết định"
756,"I.10.1","ai quy định mức học phí"
757,"I.10.1","ai quyết định mức học phí"
758,"I.10.1","mức học phí dựa vào cái gì"
759,"I.10.2","xử lý khi trễ đóng học phí"
760,"I.10.2","trễ đóng học phí"
761,"I.10.2","trễ học phí"
762,"I.10.2","đóng trễ học phí bị xử lý như thế nào"
763,"I.10.2","đóng trễ học phí bị gì"
764,"I.10.2","muộn học phí"
765,"I.10.2","đóng học phí muộn"
766,"I.10.2","quá hạn đóng học phí"
767,"I.10.2","quá hạn học phí"
768,"I.10.2","xử lý khi quá hạn đóng học phí"
769,"I.10.2","xử lý khi quá hạn học phí"
770,"I.10.2","quá hạn đóng học phí bị gì"
771,"I.10.2","ra sao nêu trễ học phí"
772,"I.11.1","tính dụng sinh viên là gì"
773,"I.11.1","tính dụng sinh viên"
774,"I.11.1","khái niệm về tính dụng sinh viên"
775,"I.11.1","khái niệm tính dụng sinh viên"
776,"I.11.1","thế nào là tính dụng sinh viên"
777,"I.11.1","định nghĩa tính dụng sinh viên"
778,"I.11.1","định nghĩa về tính dụng sinh viên"
779,"I.11.1","thông tin tính dụng sinh viên"
780,"I.11.1","thông tin về tín dụng của sinh viên"
781,"I.12.1","khi nào được xét chuyển trường"
782,"I.12.1","khi nào được chuyển trường"
783,"I.12.1","xét chuyển trường"
784,"I.12.1","chuyển trường"
785,"I.12.1","điều kiện xét chuyển trường"
786,"I.12.1","yêu cầu xét chuyển trường"
787,"I.12.1","điều kiện để được chuyển trường"
788,"TTTT1","thực tập thực tế là gì"
789,"TTTT1","học phần thực tập thực tế là gì"
790,"TTTT1","học phần thực tập thực tế của sinh viên là gì"
791,"TTTT1","sinh viên thực tập thực tế để làm gì"
792,"TTTT2","thực tập thực tế khi nào"
793,"TTTT2","khi nào thực tập thực tế"
794,"TTTT2","thực tập thực tế thời gian nào"
795,"TTTT2","thời gian nào thực tập thực tế"
796,"TTTT2","học kì nào thực tập thực tế"
797,"TTTT2","thực tập thực tế học kì nào"
798,"TTTT2","thực tập thực tế mấy tuần"
799,"TTTT2","thực tập thực tế mấy tháng"
800,"TTTT2","thực tập thực tế bao lâu"
801,"TTTT2","thực tập thực tế mấy ngày"
802,"TTTT3","điều kiện thực tập thực tế"
803,"TTTT3","điều kiện để thực tập thực tế"
804,"TTTT3","để thực tập thực tế cần làm gì"
805,"TTTT3","để thực tập thực tế cần gì"
806,"TTTT3","có cần đăng kí thực tập thực tế không"
807,"TTTT3","thực tập thực tế có cần đăng kí không"
808,"TTTT3","đăng kí thực tập"
809,"TTTT3","thực tập thực tế đăng kí như thế nào"
810,"TTTT3","đăng kí thực tập thực tế như thế nào"
811,"TTTT3","hoàn thành môn nào mới được thực tập thực tế"
812,"TTTT3","được thực tập thực tế khi học xong môn nào"
813,"TTTT3","bao nhiêu chỉ mới được thực tập thực tế"
814,"TTTT3","rớt môn có được thực tập thực tế không"
815,"TTTT3","có được thực tập thực tế khi rớt môn không"
816,"TTTT3","điểm trung bình bao nhiêu thì được thực tập thực tế"
817,"TTTT3","điểm trung bình tối thiểu bao nhiêu thì được thực tập thực tế"
818,"TTTT3","tối thiểu bao nhiêu chỉ mới được thực tập thực tế"
819,"TTTT3","được thực tập thực tế cần tích lũy ít nhất bao nhiêu chỉ"
820,"TTTT3","được thực tập thực tế cần tích lũy bao nhiêu chỉ"
821,"TTTT4","sau khi thực tập thực tế cần làm gì"
822,"TTTT4","cần làm gì sau khi thực tập thực tế"
823,"TTTT4","làm gì sau khi thực tập thực tế"
824,"TTTT4","việc cần làm sau khi thực tập thực tế"
825,"TTTT4","sau khi thực tập thực tế cần làm việc gì"
826,"TTTT2","thực tập thực tế có cần đóng tiền"
827,"TTTT2","thực tập thực tế có cần đóng phí không"
828,"TTTT2","phí thực tập thực tế"
829,"TTTT2","thực tập thực tế cần đóng bao nhiêu tiền"
830,"TTTT2","tiền thực tập thực tế"